<?xml version="1.0" encoding="UTF-8"?>
<!DOCTYPE mapper PUBLIC "-//mybatis.org//DTD Mapper 3.0//EN" "http://mybatis.org/dtd/mybatis-3-mapper.dtd">
<mapper namespace="com.pango.rahc.specialcase.mapper.EscapeFileMapper">
  <resultMap id="BaseResultMap" type="com.pango.rahc.specialcase.pojo.EscapeFile">
    <id column="ID" jdbcType="VARCHAR" property="id" />
    <result column="CREATE_BY" jdbcType="VARCHAR" property="createBy" />
    <result column="CREATE_DATE" jdbcType="TIMESTAMP" property="createDate" />
    <result column="UPDATE_BY" jdbcType="VARCHAR" property="updateBy" />
    <result column="UPDATE_DATE" jdbcType="TIMESTAMP" property="updateDate" />
    <result column="DEL_FLAG" jdbcType="DECIMAL" property="delFlag" />
    <result column="RYBH" jdbcType="VARCHAR" property="rybh" />
    <result column="SFZH" jdbcType="VARCHAR" property="sfzh" />
    <result column="XM" jdbcType="VARCHAR" property="xm" />
    <result column="ABMC" jdbcType="VARCHAR" property="abmc" />
    <result column="UNIT" jdbcType="VARCHAR" property="unit" />
    <result column="DUTY_PERSON" jdbcType="VARCHAR" property="dutyPerson" />
    <result column="ESCAPE_DATE" jdbcType="TIMESTAMP" property="escapeDate" />
    <result column="CATCH_DATE" jdbcType="TIMESTAMP" property="catchDate" />
    <result column="IS_STATE_ES" jdbcType="VARCHAR" property="isStateEs" />
    <result column="CASE_CODE" jdbcType="VARCHAR" property="caseCode" />
     <result column="DUTY_LEADER" jdbcType="VARCHAR" property="dutyLeader" />
       <result column="CREATE_PERSON" jdbcType="VARCHAR" property="createPerson" />
        <result column="CREATE_DEPT_CODE" jdbcType="VARCHAR" property="createDeptCode" />
  </resultMap>
  <sql id="Base_Column_List">
    ID, CREATE_BY, CREATE_DATE, UPDATE_BY, UPDATE_DATE, DEL_FLAG, RYBH, SFZH, XM, ABMC, 
    UNIT, DUTY_PERSON, ESCAPE_DATE, CATCH_DATE, IS_STATE_ES, CASE_CODE, DUTY_LEADER, CREATE_PERSON
  	, CREATE_DEPT_CODE
  </sql>
  <select id="selectByPrimaryKey" parameterType="java.lang.String" resultMap="BaseResultMap">
    select 
    <include refid="Base_Column_List" />
    from E_ESCAPE_FILE
    where ID = #{id,jdbcType=VARCHAR}
  </select>
  <delete id="deleteByPrimaryKey" parameterType="java.lang.String">
    delete from E_ESCAPE_FILE
    where ID = #{id,jdbcType=VARCHAR}
  </delete>
  <insert id="insert" parameterType="com.pango.rahc.specialcase.pojo.EscapeFile">
    insert into E_ESCAPE_FILE (ID, CREATE_BY, CREATE_DATE, 
      UPDATE_BY, UPDATE_DATE, DEL_FLAG, 
      RYBH, SFZH, XM, ABMC, 
      UNIT, DUTY_PERSON, ESCAPE_DATE, 
      CATCH_DATE, IS_STATE_ES, CASE_CODE, 
      DUTY_LEADER, CREATE_PERSON, CREATE_DEPT_CODE
      )
    values (#{id,jdbcType=VARCHAR}, #{createBy,jdbcType=VARCHAR}, #{createDate,jdbcType=TIMESTAMP}, 
      #{updateBy,jdbcType=VARCHAR}, #{updateDate,jdbcType=TIMESTAMP}, #{delFlag,jdbcType=DECIMAL}, 
      #{rybh,jdbcType=VARCHAR}, #{sfzh,jdbcType=VARCHAR}, #{xm,jdbcType=VARCHAR}, #{abmc,jdbcType=VARCHAR}, 
      #{unit,jdbcType=VARCHAR}, #{dutyPerson,jdbcType=VARCHAR}, #{escapeDate,jdbcType=TIMESTAMP}, 
      #{catchDate,jdbcType=TIMESTAMP}, #{isStateEs,jdbcType=VARCHAR}, #{caseCode,jdbcType=VARCHAR}, 
      #{dutyLeader,jdbcType=VARCHAR}, #{createPerson,jdbcType=VARCHAR}, #{createDeptCode,jdbcType=VARCHAR}
      )
  </insert>
  <insert id="insertSelective" parameterType="com.pango.rahc.specialcase.pojo.EscapeFile">
    insert into E_ESCAPE_FILE
    <trim prefix="(" suffix=")" suffixOverrides=",">
      <if test="id != null">
        ID,
      </if>
      <if test="createBy != null">
        CREATE_BY,
      </if>
      <if test="createDate != null">
        CREATE_DATE,
      </if>
      <if test="updateBy != null">
        UPDATE_BY,
      </if>
      <if test="updateDate != null">
        UPDATE_DATE,
      </if>
      <if test="delFlag != null">
        DEL_FLAG,
      </if>
      <if test="rybh != null">
        RYBH,
      </if>
      <if test="sfzh != null">
        SFZH,
      </if>
      <if test="xm != null">
        XM,
      </if>
      <if test="abmc != null">
        ABMC,
      </if>
      <if test="unit != null">
        UNIT,
      </if>
      <if test="dutyPerson != null">
        DUTY_PERSON,
      </if>
      <if test="escapeDate != null">
        ESCAPE_DATE,
      </if>
      <if test="catchDate != null">
        CATCH_DATE,
      </if>
      <if test="isStateEs != null">
        IS_STATE_ES,
      </if>
      <if test="caseCode != null">
        CASE_CODE,
      </if>
         <if test="dutyLeader != null">
        DUTY_LEADER,
      </if>
        <if test="createPerson != null">
        CREATE_PERSON,
      </if>
            <if test="createDeptCode != null">
        CREATE_DEPT_CODE,
      </if>
    </trim>
    <trim prefix="values (" suffix=")" suffixOverrides=",">
      <if test="id != null">
        #{id,jdbcType=VARCHAR},
      </if>
      <if test="createBy != null">
        #{createBy,jdbcType=VARCHAR},
      </if>
      <if test="createDate != null">
        #{createDate,jdbcType=TIMESTAMP},
      </if>
      <if test="updateBy != null">
        #{updateBy,jdbcType=VARCHAR},
      </if>
      <if test="updateDate != null">
        #{updateDate,jdbcType=TIMESTAMP},
      </if>
      <if test="delFlag != null">
        #{delFlag,jdbcType=DECIMAL},
      </if>
      <if test="rybh != null">
        #{rybh,jdbcType=VARCHAR},
      </if>
      <if test="sfzh != null">
        #{sfzh,jdbcType=VARCHAR},
      </if>
      <if test="xm != null">
        #{xm,jdbcType=VARCHAR},
      </if>
      <if test="abmc != null">
        #{abmc,jdbcType=VARCHAR},
      </if>
      <if test="unit != null">
        #{unit,jdbcType=VARCHAR},
      </if>
      <if test="dutyPerson != null">
        #{dutyPerson,jdbcType=VARCHAR},
      </if>
      <if test="escapeDate != null">
        #{escapeDate,jdbcType=TIMESTAMP},
      </if>
      <if test="catchDate != null">
        #{catchDate,jdbcType=TIMESTAMP},
      </if>
      <if test="isStateEs != null">
        #{isStateEs,jdbcType=VARCHAR},
      </if>
      <if test="caseCode != null">
        #{caseCode,jdbcType=VARCHAR},
      </if>
        <if test="dutyLeader != null">
        #{dutyLeader,jdbcType=VARCHAR},
      </if>
            <if test="createPerson != null">
        #{createPerson,jdbcType=VARCHAR},
      </if>
            <if test="createDeptCode != null">
        #{createDeptCode,jdbcType=VARCHAR},
      </if>
    </trim>
  </insert>
  <update id="updateByPrimaryKeySelective" parameterType="com.pango.rahc.specialcase.pojo.EscapeFile">
    update E_ESCAPE_FILE
    <set>
      <if test="createBy != null">
        CREATE_BY = #{createBy,jdbcType=VARCHAR},
      </if>
      <if test="createDate != null">
        CREATE_DATE = #{createDate,jdbcType=TIMESTAMP},
      </if>
      <if test="updateBy != null">
        UPDATE_BY = #{updateBy,jdbcType=VARCHAR},
      </if>
      <if test="updateDate != null">
        UPDATE_DATE = #{updateDate,jdbcType=TIMESTAMP},
      </if>
      <if test="delFlag != null">
        DEL_FLAG = #{delFlag,jdbcType=DECIMAL},
      </if>
      <if test="rybh != null">
        RYBH = #{rybh,jdbcType=VARCHAR},
      </if>
      <if test="sfzh != null">
        SFZH = #{sfzh,jdbcType=VARCHAR},
      </if>
      <if test="xm != null">
        XM = #{xm,jdbcType=VARCHAR},
      </if>
      <if test="abmc != null">
        ABMC = #{abmc,jdbcType=VARCHAR},
      </if>
      <if test="unit != null">
        UNIT = #{unit,jdbcType=VARCHAR},
      </if>
      <if test="dutyPerson != null">
        DUTY_PERSON = #{dutyPerson,jdbcType=VARCHAR},
      </if>
      <if test="escapeDate != null">
        ESCAPE_DATE = #{escapeDate,jdbcType=TIMESTAMP},
      </if>
      <if test="catchDate != null">
        CATCH_DATE = #{catchDate,jdbcType=TIMESTAMP},
      </if>
      <if test="isStateEs != null">
        IS_STATE_ES = #{isStateEs,jdbcType=VARCHAR},
      </if>
      <if test="caseCode != null">
        CASE_CODE = #{caseCode,jdbcType=VARCHAR},
      </if>
        <if test="dutyLeader != null">
        DUTY_LEADER = #{dutyLeader,jdbcType=VARCHAR},
      </if>
            <if test="createPerson != null">
        CREATE_PERSON = #{createPerson,jdbcType=VARCHAR},
      </if>
           <if test="createDeptCode != null">
        CREATE_DEPT_CODE = #{createDeptCode,jdbcType=VARCHAR},
      </if>
    </set>
    where ID = #{id,jdbcType=VARCHAR}
  </update>
  <update id="updateByPrimaryKey" parameterType="com.pango.rahc.specialcase.pojo.EscapeFile">
     update E_ESCAPE_FILE
    set CREATE_BY = #{createBy,jdbcType=VARCHAR},
      CREATE_DATE = #{createDate,jdbcType=TIMESTAMP},
      UPDATE_BY = #{updateBy,jdbcType=VARCHAR},
      UPDATE_DATE = #{updateDate,jdbcType=TIMESTAMP},
      DEL_FLAG = #{delFlag,jdbcType=DECIMAL},
      RYBH = #{rybh,jdbcType=VARCHAR},
      SFZH = #{sfzh,jdbcType=VARCHAR},
      XM = #{xm,jdbcType=VARCHAR},
      ABMC = #{abmc,jdbcType=VARCHAR},
      UNIT = #{unit,jdbcType=VARCHAR},
      DUTY_PERSON = #{dutyPerson,jdbcType=VARCHAR},
      ESCAPE_DATE = #{escapeDate,jdbcType=TIMESTAMP},
      CATCH_DATE = #{catchDate,jdbcType=TIMESTAMP},
      IS_STATE_ES = #{isStateEs,jdbcType=VARCHAR},
      CASE_CODE = #{caseCode,jdbcType=VARCHAR},
      DUTY_LEADER = #{dutyLeader,jdbcType=VARCHAR},
      CREATE_PERSON = #{createPerson,jdbcType=VARCHAR},
      CREATE_DEPT_CODE = #{createDeptCode,jdbcType=VARCHAR}
    where ID = #{id,jdbcType=VARCHAR}
  </update>
  <select id="selectAll" parameterType="com.pango.rahc.specialcase.pojo.EscapeFile" resultMap="BaseResultMap">
    select 
    <include refid="Base_Column_List" />
    from E_ESCAPE_FILE t
    <where>
      <include refid="findAllWhere" />
    </where>
    <if test="orderStr!=null">
      <![CDATA[
           order by  ${orderStr}
      ]]>
    </if>
  </select>
  <sql id="findAllWhere">
    <if test="createBy != null and createBy!=''">
      AND CREATE_BY = #{createBy,jdbcType=VARCHAR}
    </if>
    <if test="createDate != null">
      AND CREATE_DATE = #{createDate,jdbcType=TIMESTAMP}
    </if>
    <if test="updateBy != null and updateBy!=''">
      AND UPDATE_BY = #{updateBy,jdbcType=VARCHAR}
    </if>
    <if test="updateDate != null">
      AND UPDATE_DATE = #{updateDate,jdbcType=TIMESTAMP}
    </if>
    <if test="delFlag != null">
      AND DEL_FLAG = #{delFlag,jdbcType=DECIMAL}
    </if>
    <if test="rybh != null and rybh!=''">
      AND RYBH = #{rybh,jdbcType=VARCHAR}
    </if>
    <if test="sfzh != null and sfzh!=''">
      AND SFZH = #{sfzh,jdbcType=VARCHAR}
    </if>
    <if test="xm != null and xm!=''">
      AND XM = '%'||  #{xm,jdbcType=VARCHAR} ||'%'
    </if>
    <if test="abmc != null and abmc!=''">
      AND ABMC = #{abmc,jdbcType=VARCHAR}
    </if>
    <if test="unit != null and unit!=''">
      AND UNIT = '%'||  #{unit,jdbcType=VARCHAR} ||'%'
    </if>
    <if test="dutyPerson != null and dutyPerson!=''">
      AND DUTY_PERSON = '%'||  #{dutyPerson,jdbcType=VARCHAR} ||'%'
    </if>
    <if test="escapeDate != null">
      AND ESCAPE_DATE = #{escapeDate,jdbcType=TIMESTAMP}
    </if>
    <if test="catchDate != null">
      AND CATCH_DATE = #{catchDate,jdbcType=TIMESTAMP}
    </if>
    <if test="isStateEs != null and isStateEs!=''">
      AND IS_STATE_ES = #{isStateEs,jdbcType=VARCHAR}
    </if>
    <if test="caseCode != null and caseCode!=''">
      AND CASE_CODE = #{caseCode,jdbcType=VARCHAR}
    </if>
      <if test="dutyLeader != null and dutyLeader!=''">
      AND DUTY_LEADER like '%'|| #{dutyLeader,jdbcType=VARCHAR} ||'%'
    </if>
        <if test="createPerson != null and createPerson!=''">
      AND CREATE_PERSON '%'|| #{createPerson,jdbcType=VARCHAR} ||'%'
    </if>
        <if test="startDate != null">
         AND CATCH_DATE&gt;=#{startDate}
      </if>
      <if test="endDate != null">
         AND CATCH_DATE&lt;=#{endDate}
      </if>
 	  <!--配侦单位领导 ，看到本部门和自己发布的 -->
	   <if test=" userType=='3'.toString() and sysUserCode!= null and sysUserCode!='' and sysDeptCode!= null and sysDeptCode!=''">
	  	and ( CREATE_DEPT_CODE=#{sysDeptCode} or  CREATE_BY=#{sysUserCode}   )
	  </if> 
      	  <!--配侦单位民警 ，看到自己发布的,并且是本部门的 -->
	   <if test="userType=='4'.toString() and sysUserCode!= null and sysUserCode!='' and sysDeptCode!= null and sysDeptCode!=''"> 	      
		  and  ( CREATE_DEPT_CODE=#{sysDeptCode} and  CREATE_BY=#{sysUserCode}
	  </if>
	    <!--实战单位领导 ，看到本部门发布的 -->
	  <if test="userType=='6'.toString() and sysDeptCode!= null and sysDeptCode!='' and sysUserCode!= null and sysUserCode!='' ">
	  	and ( CREATE_DEPT_CODE=#{sysDeptCode} or CREATE_BY=#{sysUserCode} )
	  </if>
	  <!--实战单位民警 ，看到自己发布的,并且是本部门的 -->
	  <if test="userType=='5'.toString() and sysUserCode!= null and sysUserCode!=''">
	  	and ( CREATE_DEPT_CODE=#{sysDeptCode} and  CREATE_BY=#{sysUserCode}
	  </if>
      
      
  </sql>
</mapper>