<?xml version="1.0" encoding="UTF-8"?>
<!DOCTYPE mapper PUBLIC "-//mybatis.org//DTD Mapper 3.0//EN" "http://mybatis.org/dtd/mybatis-3-mapper.dtd">
<mapper namespace="com.pango.rahc.pz.mapper.PzDealScoreMapper">
  <resultMap id="BaseResultMap" type="com.pango.rahc.pz.pojo.PzDealScore">
    <id column="ID" jdbcType="VARCHAR" property="id" />
    <result column="CREATE_BY" jdbcType="VARCHAR" property="createBy" />
    <result column="CREATE_DATE" jdbcType="TIMESTAMP" property="createDate" />
    <result column="UPDATE_BY" jdbcType="VARCHAR" property="updateBy" />
    <result column="UPDATE_DATE" jdbcType="TIMESTAMP" property="updateDate" />
    <result column="DEL_FLAG" jdbcType="DECIMAL" property="delFlag" />
    <result column="SCOUT_ID" jdbcType="VARCHAR" property="scoutId" />
    <result column="BY_WAY" jdbcType="VARCHAR" property="byWay" />
    <result column="HAS_RESULT" jdbcType="VARCHAR" property="hasResult" />
    <result column="XYR" jdbcType="VARCHAR" property="xyr" />
    <result column="XYR_CODE" jdbcType="VARCHAR" property="xyrCode" />
    <result column="CATCH_DATE" jdbcType="TIMESTAMP" property="catchDate" />
    <result column="CATEH_PLACE" jdbcType="VARCHAR" property="catehPlace" />
    <result column="DEAL_UNIT" jdbcType="VARCHAR" property="dealUnit" />
    <result column="DEAL_RESULT" jdbcType="VARCHAR" property="dealResult" />
    <result column="SCORE" jdbcType="VARCHAR" property="score" />
    <result column="YA_WAY" jdbcType="VARCHAR" property="yaWay" />
    <result column="DEPT_CODE" jdbcType="VARCHAR" property="deptCode" />
    <result column="IS_PZ_ZL" jdbcType="VARCHAR" property="isPzZl" />
     <result column="FIND_NUM" jdbcType="VARCHAR" property="findNum" />
    <result column="FIND_XJ_NUM" jdbcType="VARCHAR" property="findXjNum" />
       <result column="TF_NUM" jdbcType="VARCHAR" property="tfNum" />
    <result column="XJ_NUM" jdbcType="VARCHAR" property="xjNum" />
    <result column="JL_NUM" jdbcType="VARCHAR" property="jlNum" />
  </resultMap>
  <sql id="Base_Column_List">
    ID, CREATE_BY, CREATE_DATE, UPDATE_BY, UPDATE_DATE, DEL_FLAG, SCOUT_ID, BY_WAY, HAS_RESULT, 
    XYR, XYR_CODE, CATCH_DATE, CATEH_PLACE, DEAL_UNIT, DEAL_RESULT, SCORE, YA_WAY, DEPT_CODE,
    IS_PZ_ZL, FIND_NUM, FIND_XJ_NUM, TF_NUM, XJ_NUM, JL_NUM,
     (select s.name from sys_user s where s.id=t.create_by) createName,
     (select d.dept_name from sys_dept d where d.dept_code=t.dept_code) deptName
  </sql>
  <select id="selectByPrimaryKey" parameterType="java.lang.String" resultMap="BaseResultMap">
    select 
    <include refid="Base_Column_List" />
    from T_PZ_DEAL_SCORE t
    where ID = #{id,jdbcType=VARCHAR}
  </select>
  <delete id="deleteByPrimaryKey" parameterType="java.lang.String">
    delete from T_PZ_DEAL_SCORE
    where ID = #{id,jdbcType=VARCHAR}
  </delete>
  <insert id="insert" parameterType="com.pango.rahc.pz.pojo.PzDealScore">
        insert into T_PZ_DEAL_SCORE (ID, CREATE_BY, CREATE_DATE, 
      UPDATE_BY, UPDATE_DATE, DEL_FLAG, 
      SCOUT_ID, BY_WAY, HAS_RESULT, 
      XYR, XYR_CODE, CATCH_DATE, 
      CATEH_PLACE, DEAL_UNIT, DEAL_RESULT, 
      SCORE, YA_WAY, DEPT_CODE, 
      IS_PZ_ZL, FIND_NUM, FIND_XJ_NUM, 
      TF_NUM, XJ_NUM, JL_NUM
      )
    values (#{id,jdbcType=VARCHAR}, #{createBy,jdbcType=VARCHAR}, #{createDate,jdbcType=TIMESTAMP}, 
      #{updateBy,jdbcType=VARCHAR}, #{updateDate,jdbcType=TIMESTAMP}, #{delFlag,jdbcType=DECIMAL}, 
      #{scoutId,jdbcType=VARCHAR}, #{byWay,jdbcType=VARCHAR}, #{hasResult,jdbcType=VARCHAR}, 
      #{xyr,jdbcType=VARCHAR}, #{xyrCode,jdbcType=VARCHAR}, #{catchDate,jdbcType=TIMESTAMP}, 
      #{catehPlace,jdbcType=VARCHAR}, #{dealUnit,jdbcType=VARCHAR}, #{dealResult,jdbcType=VARCHAR}, 
      #{score,jdbcType=VARCHAR}, #{yaWay,jdbcType=VARCHAR}, #{deptCode,jdbcType=VARCHAR}, 
      #{isPzZl,jdbcType=VARCHAR}, #{findNum,jdbcType=VARCHAR}, #{findXjNum,jdbcType=VARCHAR}, 
      #{tfNum,jdbcType=VARCHAR}, #{xjNum,jdbcType=VARCHAR}, #{jlNum,jdbcType=VARCHAR}
      )
  </insert>
  <insert id="insertSelective" parameterType="com.pango.rahc.pz.pojo.PzDealScore">
    insert into T_PZ_DEAL_SCORE
    <trim prefix="(" suffix=")" suffixOverrides=",">
      <if test="id != null">
        ID,
      </if>
      <if test="createBy != null">
        CREATE_BY,
      </if>
      <if test="createDate != null">
        CREATE_DATE,
      </if>
      <if test="updateBy != null">
        UPDATE_BY,
      </if>
      <if test="updateDate != null">
        UPDATE_DATE,
      </if>
      <if test="delFlag != null">
        DEL_FLAG,
      </if>
      <if test="scoutId != null">
        SCOUT_ID,
      </if>
      <if test="byWay != null">
        BY_WAY,
      </if>
      <if test="hasResult != null">
        HAS_RESULT,
      </if>
      <if test="xyr != null">
        XYR,
      </if>
      <if test="xyrCode != null">
        XYR_CODE,
      </if>
      <if test="catchDate != null">
        CATCH_DATE,
      </if>
      <if test="catehPlace != null">
        CATEH_PLACE,
      </if>
      <if test="dealUnit != null">
        DEAL_UNIT,
      </if>
      <if test="dealResult != null">
        DEAL_RESULT,
      </if>
      <if test="score != null">
        SCORE,
      </if>
        <if test="yaWay != null">
        YA_WAY,
      </if>
      <if test="deptCode != null">
        DEPT_CODE,
      </if>
       <if test="isPzZl != null">
        IS_PZ_ZL,
      </if>
       <if test="findNum != null">
        FIND_NUM,
      </if>
      <if test="findXjNum != null">
        FIND_XJ_NUM,
      </if>
           <if test="tfNum != null">
        TF_NUM,
      </if>
      <if test="xjNum != null">
        XJ_NUM,
      </if>
      <if test="jlNum != null">
        JL_NUM,
      </if>
    </trim>
    <trim prefix="values (" suffix=")" suffixOverrides=",">
      <if test="id != null">
        #{id,jdbcType=VARCHAR},
      </if>
      <if test="createBy != null">
        #{createBy,jdbcType=VARCHAR},
      </if>
      <if test="createDate != null">
        #{createDate,jdbcType=TIMESTAMP},
      </if>
      <if test="updateBy != null">
        #{updateBy,jdbcType=VARCHAR},
      </if>
      <if test="updateDate != null">
        #{updateDate,jdbcType=TIMESTAMP},
      </if>
      <if test="delFlag != null">
        #{delFlag,jdbcType=DECIMAL},
      </if>
      <if test="scoutId != null">
        #{scoutId,jdbcType=VARCHAR},
      </if>
      <if test="byWay != null">
        #{byWay,jdbcType=VARCHAR},
      </if>
      <if test="hasResult != null">
        #{hasResult,jdbcType=VARCHAR},
      </if>
      <if test="xyr != null">
        #{xyr,jdbcType=VARCHAR},
      </if>
      <if test="xyrCode != null">
        #{xyrCode,jdbcType=VARCHAR},
      </if>
      <if test="catchDate != null">
        #{catchDate,jdbcType=TIMESTAMP},
      </if>
      <if test="catehPlace != null">
        #{catehPlace,jdbcType=VARCHAR},
      </if>
      <if test="dealUnit != null">
        #{dealUnit,jdbcType=VARCHAR},
      </if>
      <if test="dealResult != null">
        #{dealResult,jdbcType=VARCHAR},
      </if>
      <if test="score != null">
        #{score,jdbcType=VARCHAR},
      </if>
            <if test="yaWay != null">
        #{yaWay,jdbcType=VARCHAR},
      </if>
      <if test="deptCode != null">
        #{deptCode,jdbcType=VARCHAR},
      </if>
         <if test="isPzZl != null">
        #{isPzZl,jdbcType=VARCHAR},
      </if>
      <if test="findNum != null">
        #{findNum,jdbcType=VARCHAR},
      </if>
      <if test="findXjNum != null">
        #{findXjNum,jdbcType=VARCHAR},
      </if>
            <if test="tfNum != null">
        #{tfNum,jdbcType=VARCHAR},
      </if>
      <if test="xjNum != null">
        #{xjNum,jdbcType=VARCHAR},
      </if>
      <if test="jlNum != null">
        #{jlNum,jdbcType=VARCHAR},
      </if>
    </trim>
  </insert>
  <update id="updateByPrimaryKeySelective" parameterType="com.pango.rahc.pz.pojo.PzDealScore">
    update T_PZ_DEAL_SCORE
    <set>
      <if test="createBy != null">
        CREATE_BY = #{createBy,jdbcType=VARCHAR},
      </if>
      <if test="createDate != null">
        CREATE_DATE = #{createDate,jdbcType=TIMESTAMP},
      </if>
      <if test="updateBy != null">
        UPDATE_BY = #{updateBy,jdbcType=VARCHAR},
      </if>
      <if test="updateDate != null">
        UPDATE_DATE = #{updateDate,jdbcType=TIMESTAMP},
      </if>
      <if test="delFlag != null">
        DEL_FLAG = #{delFlag,jdbcType=DECIMAL},
      </if>
      <if test="scoutId != null">
        SCOUT_ID = #{scoutId,jdbcType=VARCHAR},
      </if>
      <if test="byWay != null">
        BY_WAY = #{byWay,jdbcType=VARCHAR},
      </if>
      <if test="hasResult != null">
        HAS_RESULT = #{hasResult,jdbcType=VARCHAR},
      </if>
      <if test="xyr != null">
        XYR = #{xyr,jdbcType=VARCHAR},
      </if>
      <if test="xyrCode != null">
        XYR_CODE = #{xyrCode,jdbcType=VARCHAR},
      </if>
      <if test="catchDate != null">
        CATCH_DATE = #{catchDate,jdbcType=TIMESTAMP},
      </if>
      <if test="catehPlace != null">
        CATEH_PLACE = #{catehPlace,jdbcType=VARCHAR},
      </if>
      <if test="dealUnit != null">
        DEAL_UNIT = #{dealUnit,jdbcType=VARCHAR},
      </if>
      <if test="dealResult != null">
        DEAL_RESULT = #{dealResult,jdbcType=VARCHAR},
      </if>
      <if test="score != null">
        SCORE = #{score,jdbcType=VARCHAR},
      </if>
            <if test="yaWay != null">
        YA_WAY = #{yaWay,jdbcType=VARCHAR},
      </if>
      <if test="deptCode != null">
        DEPT_CODE = #{deptCode,jdbcType=VARCHAR},
      </if>
       <if test="isPzZl != null">
        IS_PZ_ZL = #{isPzZl,jdbcType=VARCHAR},
      </if>
           <if test="findNum != null">
        FIND_NUM = #{findNum,jdbcType=VARCHAR},
      </if>
      <if test="findXjNum != null">
        FIND_XJ_NUM = #{findXjNum,jdbcType=VARCHAR},
      </if>
            <if test="tfNum != null">
        TF_NUM = #{tfNum,jdbcType=VARCHAR},
      </if>
      <if test="xjNum != null">
        XJ_NUM = #{xjNum,jdbcType=VARCHAR},
      </if>
      <if test="jlNum != null">
        JL_NUM = #{jlNum,jdbcType=VARCHAR},
      </if>
    </set>
    where ID = #{id,jdbcType=VARCHAR}
  </update>
  <update id="updateByPrimaryKey" parameterType="com.pango.rahc.pz.pojo.PzDealScore">
  update T_PZ_DEAL_SCORE
    set CREATE_BY = #{createBy,jdbcType=VARCHAR},
      CREATE_DATE = #{createDate,jdbcType=TIMESTAMP},
      UPDATE_BY = #{updateBy,jdbcType=VARCHAR},
      UPDATE_DATE = #{updateDate,jdbcType=TIMESTAMP},
      DEL_FLAG = #{delFlag,jdbcType=DECIMAL},
      SCOUT_ID = #{scoutId,jdbcType=VARCHAR},
      BY_WAY = #{byWay,jdbcType=VARCHAR},
      HAS_RESULT = #{hasResult,jdbcType=VARCHAR},
      XYR = #{xyr,jdbcType=VARCHAR},
      XYR_CODE = #{xyrCode,jdbcType=VARCHAR},
      CATCH_DATE = #{catchDate,jdbcType=TIMESTAMP},
      CATEH_PLACE = #{catehPlace,jdbcType=VARCHAR},
      DEAL_UNIT = #{dealUnit,jdbcType=VARCHAR},
      DEAL_RESULT = #{dealResult,jdbcType=VARCHAR},
      SCORE = #{score,jdbcType=VARCHAR},
      YA_WAY = #{yaWay,jdbcType=VARCHAR},
      DEPT_CODE = #{deptCode,jdbcType=VARCHAR},
      IS_PZ_ZL = #{isPzZl,jdbcType=VARCHAR},
      FIND_NUM = #{findNum,jdbcType=VARCHAR},
      FIND_XJ_NUM = #{findXjNum,jdbcType=VARCHAR},
      TF_NUM = #{tfNum,jdbcType=VARCHAR},
      XJ_NUM = #{xjNum,jdbcType=VARCHAR},
      JL_NUM = #{jlNum,jdbcType=VARCHAR}
    where ID = #{id,jdbcType=VARCHAR}
  </update>
  <select id="selectAll" parameterType="com.pango.rahc.pz.pojo.PzDealScore" resultMap="BaseResultMap">
    select 
    <include refid="Base_Column_List" />
    from T_PZ_DEAL_SCORE t
    <where>
      <include refid="findAllWhere" />
    </where>
    <if test="orderStr!=null">
      <![CDATA[
           order by  ${orderStr}
      ]]>
    </if>
  </select>
  
  
  
   <select id="sumScount" parameterType="com.pango.rahc.pz.pojo.PzDealScore"  resultMap="BaseResultMap">
    select 
    nvl( sum(t.score),0 )  as findNum,
    nvl( sum(t.TF_NUM),0 ) as escapeScore,
    nvl( sum(t.XJ_NUM),0 ) as catchScore,
    nvl( sum(t.JL_NUM),0 ) as detainScore
    from T_PZ_DEAL_SCORE t
    <where>
      <include refid="findAllWhere" />
    </where>
    <if test="orderStr!=null">
      <![CDATA[
           order by  ${orderStr}
      ]]>
    </if>
  </select>
  
  <sql id="findAllWhere">
    <if test="createBy != null and createBy!=''">
      AND CREATE_BY = #{createBy,jdbcType=VARCHAR}
    </if>
    <if test="createDate != null">
      AND CREATE_DATE = #{createDate,jdbcType=TIMESTAMP}
    </if>
    <if test="updateBy != null and updateBy!=''">
      AND UPDATE_BY = #{updateBy,jdbcType=VARCHAR}
    </if>
    <if test="updateDate != null">
      AND UPDATE_DATE = #{updateDate,jdbcType=TIMESTAMP}
    </if>
    <if test="delFlag != null">
      AND DEL_FLAG = #{delFlag,jdbcType=DECIMAL}
    </if>
    <if test="scoutId != null and scoutId!=''">
      AND SCOUT_ID = #{scoutId,jdbcType=VARCHAR}
    </if>
    <if test="byWay != null and byWay!=''">
      AND BY_WAY = #{byWay,jdbcType=VARCHAR}
    </if>
    <if test="hasResult != null and hasResult!=''">
      AND HAS_RESULT = #{hasResult,jdbcType=VARCHAR}
    </if>
    <if test="xyr != null and xyr!=''">
      AND XYR = #{xyr,jdbcType=VARCHAR}
    </if>
    <if test="xyrCode != null and xyrCode!=''">
      AND XYR_CODE = #{xyrCode,jdbcType=VARCHAR}
    </if>
    <if test="catchDate != null">
      AND CATCH_DATE = #{catchDate,jdbcType=TIMESTAMP}
    </if>
    <if test="catehPlace != null and catehPlace!=''">
      AND CATEH_PLACE = #{catehPlace,jdbcType=VARCHAR}
    </if>
    <if test="dealUnit != null and dealUnit!=''">
      AND DEAL_UNIT = #{dealUnit,jdbcType=VARCHAR}
    </if>
    <if test="dealResult != null and dealResult!=''">
      AND DEAL_RESULT = #{dealResult,jdbcType=VARCHAR}
    </if>
    <if test="score != null and score!=''">
      AND SCORE = #{score,jdbcType=VARCHAR}
    </if>
        <if test="yaWay != null and yaWay!=''">
      AND YA_WAY = #{yaWay,jdbcType=VARCHAR}
    </if>
    <if test="deptCode != null and deptCode!=''">
      AND DEPT_CODE = #{deptCode,jdbcType=VARCHAR}
    </if>
       <if test="isPzZl != null and isPzZl!=''">
      AND IS_PZ_ZL = #{isPzZl,jdbcType=VARCHAR}
    </if>
    <if test="startDate != null">
         AND CREATE_DATE&gt;=#{startDate}
	     </if>
	     <if test="endDate != null">
	     AND CREATE_DATE&lt;=#{endDate}
	  </if>   
       <if test="createName != null and createName!=''">    
	        AND  exists(
	       	 select * from sys_user s where s.id=t.create_by and s.name like '%'|| #{createName,jdbcType=VARCHAR}||'%'
	        )
	                
       </if>
         <if test="ids != null and ids.length > 0">
	        and  DEPT_CODE in
			<foreach collection="ids" item="item" index="index" 
               	open="(" separator="," close=")">#{item}
             </foreach>
		 </if>
	    <if test="remarks=='1'.toString()">
	     and( exists(
	      		select * from  T_COOPERATE_SCOUT_INFO f where f.id=t.SCOUT_ID  and  f.status=6 and f.del_flag=0 and  t.IS_PZ_ZL=0  
	      	) 
	      or exists(
	     	 select * from  T_INSTRUCTION_INFO i where  i.id=t.SCOUT_ID  and  i.status=6 and i.del_flag=0  and  t.IS_PZ_ZL=1 
	      ) )
	     </if>
	      <if test="month != null">
      			AND  to_char(CATCH_DATE,'yyyy-mm')=to_char(#{month},'yyyy-mm')
   		 </if>
	   		 
	     <if test="yaWays != null and yaWays.length > 0">
	     	 AND YA_WAY not in
	     	 	<foreach collection="yaWays" item="item" index="index" 
               	open="(" separator="," close=")">#{item}
             </foreach>
	     	 
	     </if>
	  
	  </sql>
</mapper>